posizione,tipo,wallet,tavola,casella,erede_di_tavola,data,tx_hash,token,importo_token,valore_usd,n_dual_donazione,dual_ordinale,emissione_dono,note
0,FONDO,0x49b21573d1aea396cdb6d2b9d8c8bd5bb25645a4,,,1,(genesi),,,,,,,"500 USDC (1o dono, tx 0x1ae343..., 2026-06-22)",Genesi: erede/centro tavola 1
1,CASSA,0x4f53c4277e2e738cdb71375253b3fe30bbca95ce,1,1,2,2026-06-01 17:33:13,0x09b74d8785f0ffaf1abd2d77335d5db5eab9eaf64f4244e1ec2f5276b1496ee0,USDC,20.0,20.0,1,1,,
2,HUMAN,0x3a0fde8d24c3c2b9448503a60d036e66417b2757,1,2,3,2026-06-01 17:33:13,0x09b74d8785f0ffaf1abd2d77335d5db5eab9eaf64f4244e1ec2f5276b1496ee0,USDC,20.0,20.0,1,1,,
3,CASSA,0x4f53c4277e2e738cdb71375253b3fe30bbca95ce,1,3,4,2026-06-01 18:18:19,0x753a6b0203c47c132722e44a5a8841006f064909745c12acaba6d1ec5a6abc73,USDC,20.0,20.0,1,1,,
4,HUMAN,0x3a0fde8d24c3c2b9448503a60d036e66417b2757,1,4,5,2026-06-01 18:18:19,0x753a6b0203c47c132722e44a5a8841006f064909745c12acaba6d1ec5a6abc73,USDC,20.0,20.0,1,1,,
5,CASSA,0x4f53c4277e2e738cdb71375253b3fe30bbca95ce,1,5,6,2026-06-08 17:27:04,0xaaa40a71f4a0f37a0a46266b2a595e0731476c49cb1e9aec3f2c8679d003c3c8,XAUt0,0.017112,73.58,4,1,,
6,HUMAN,0x3a0fde8d24c3c2b9448503a60d036e66417b2757,1,6,7,2026-06-08 17:27:04,0xaaa40a71f4a0f37a0a46266b2a595e0731476c49cb1e9aec3f2c8679d003c3c8,XAUt0,0.017112,73.58,4,1,,
7,CASSA,0x4f53c4277e2e738cdb71375253b3fe30bbca95ce,2,1,8,2026-06-08 17:27:04,0xaaa40a71f4a0f37a0a46266b2a595e0731476c49cb1e9aec3f2c8679d003c3c8,XAUt0,0.017112,73.58,4,2,,
8,HUMAN,0x3a0fde8d24c3c2b9448503a60d036e66417b2757,2,2,9,2026-06-08 17:27:04,0xaaa40a71f4a0f37a0a46266b2a595e0731476c49cb1e9aec3f2c8679d003c3c8,XAUt0,0.017112,73.58,4,2,,
9,CASSA,0x4f53c4277e2e738cdb71375253b3fe30bbca95ce,2,3,10,2026-06-08 17:27:04,0xaaa40a71f4a0f37a0a46266b2a595e0731476c49cb1e9aec3f2c8679d003c3c8,XAUt0,0.017112,73.58,4,3,,
10,HUMAN,0x3a0fde8d24c3c2b9448503a60d036e66417b2757,2,4,11,2026-06-08 17:27:04,0xaaa40a71f4a0f37a0a46266b2a595e0731476c49cb1e9aec3f2c8679d003c3c8,XAUt0,0.017112,73.58,4,3,,
11,CASSA,0x4f53c4277e2e738cdb71375253b3fe30bbca95ce,2,5,12,2026-06-08 17:27:04,0xaaa40a71f4a0f37a0a46266b2a595e0731476c49cb1e9aec3f2c8679d003c3c8,XAUt0,0.017112,73.58,4,4,,
12,HUMAN,0x3a0fde8d24c3c2b9448503a60d036e66417b2757,2,6,13,2026-06-08 17:27:04,0xaaa40a71f4a0f37a0a46266b2a595e0731476c49cb1e9aec3f2c8679d003c3c8,XAUt0,0.017112,73.58,4,4,,
13,CASSA,0x4f53c4277e2e738cdb71375253b3fe30bbca95ce,3,1,14,2026-06-08 18:21:48,0x968c8cc8ee15a7c12344bcd49e4b42e4275ecda93d1619dffe7a204197daeb94,USDC,20.0,20.0,1,1,,
14,HUMAN,0x00c8aaad7cbf1a729febf67afb3915443dac7b68,3,2,15,2026-06-08 18:21:48,0x968c8cc8ee15a7c12344bcd49e4b42e4275ecda93d1619dffe7a204197daeb94,USDC,20.0,20.0,1,1,,
15,CASSA,0x4f53c4277e2e738cdb71375253b3fe30bbca95ce,3,3,16,2026-06-12 16:15:49,0x9f07fb5113f000cb984cc21a1de4815f2e694bd157c467048d5cf5873497ae0f,USDC,20.0,20.0,1,1,,
16,HUMAN,0x31302a0cda10c72c66841ad37f48df399a982790,3,4,17,2026-06-12 16:15:49,0x9f07fb5113f000cb984cc21a1de4815f2e694bd157c467048d5cf5873497ae0f,USDC,20.0,20.0,1,1,,
17,CASSA,0x4f53c4277e2e738cdb71375253b3fe30bbca95ce,3,5,18,2026-06-13 11:26:54,0xfc2c75178025b70edb78635498614b73323bcf8d958a9a1438f83a0e80c94022,USDC,20.0,20.0,1,1,,
18,HUMAN,0xea16449b7feb9db4313acc8315daf99d215eeeb5,3,6,19,2026-06-13 11:26:54,0xfc2c75178025b70edb78635498614b73323bcf8d958a9a1438f83a0e80c94022,USDC,20.0,20.0,1,1,,
19,CASSA,0x4f53c4277e2e738cdb71375253b3fe30bbca95ce,4,1,20,2026-06-13 15:31:18,0x5f72c80e5a1a81136a2a7d526d9db3f9ec6219e4cf87f8e8606ecdea139e1b3b,USDC,20.0,20.0,1,1,,
20,HUMAN,0xf04c8bd249ba7cbebda774ed6c0400dfcb7778c0,4,2,21,2026-06-13 15:31:18,0x5f72c80e5a1a81136a2a7d526d9db3f9ec6219e4cf87f8e8606ecdea139e1b3b,USDC,20.0,20.0,1,1,,
21,CASSA,0x4f53c4277e2e738cdb71375253b3fe30bbca95ce,4,3,22,2026-06-13 15:40:04,0x127d2216c88fe761139df17ed39c694a6d0dde4335ceaa23decf6ae588d51087,USDC,80.0,80.0,4,1,,
22,HUMAN,0x060aa41af9edacfd5d3482615b753dd7409e0ebd,4,4,23,2026-06-13 15:40:04,0x127d2216c88fe761139df17ed39c694a6d0dde4335ceaa23decf6ae588d51087,USDC,80.0,80.0,4,1,,
23,CASSA,0x4f53c4277e2e738cdb71375253b3fe30bbca95ce,4,5,24,2026-06-13 15:40:04,0x127d2216c88fe761139df17ed39c694a6d0dde4335ceaa23decf6ae588d51087,USDC,80.0,80.0,4,2,,
24,HUMAN,0x060aa41af9edacfd5d3482615b753dd7409e0ebd,4,6,25,2026-06-13 15:40:04,0x127d2216c88fe761139df17ed39c694a6d0dde4335ceaa23decf6ae588d51087,USDC,80.0,80.0,4,2,,
25,CASSA,0x4f53c4277e2e738cdb71375253b3fe30bbca95ce,5,1,26,2026-06-13 15:40:04,0x127d2216c88fe761139df17ed39c694a6d0dde4335ceaa23decf6ae588d51087,USDC,80.0,80.0,4,3,,
26,GEMELLO,(Gemello 1-A di pos0/Fortunato),5,2,27,,,,,,,,,"ATTIVO: ticket 26, sigla 1-A; struttura: Venere L3 7a tav. casella 2"
27,HUMAN,0x060aa41af9edacfd5d3482615b753dd7409e0ebd,5,3,28,2026-06-13 15:40:04,0x127d2216c88fe761139df17ed39c694a6d0dde4335ceaa23decf6ae588d51087,USDC,80.0,80.0,4,3,,
28,CASSA,0x4f53c4277e2e738cdb71375253b3fe30bbca95ce,5,4,29,2026-06-13 15:40:04,0x127d2216c88fe761139df17ed39c694a6d0dde4335ceaa23decf6ae588d51087,USDC,80.0,80.0,4,4,,
29,HUMAN,0x060aa41af9edacfd5d3482615b753dd7409e0ebd,5,5,30,2026-06-13 15:40:04,0x127d2216c88fe761139df17ed39c694a6d0dde4335ceaa23decf6ae588d51087,USDC,80.0,80.0,4,4,,
30,CASSA,0x4f53c4277e2e738cdb71375253b3fe30bbca95ce,5,6,31,2026-06-14 08:46:49,0x7a31b6d7cec1226f9cd184396a8df95168f051df64ae645e7b73ffc029f1433c,XAUt0,0.008556,36.02,2,1,,
31,HUMAN,0x230527653ca927d5221b652ec25289218e782b8c,6,1,32,2026-06-14 08:46:49,0x7a31b6d7cec1226f9cd184396a8df95168f051df64ae645e7b73ffc029f1433c,XAUt0,0.008556,36.02,2,1,,
32,CASSA,0x4f53c4277e2e738cdb71375253b3fe30bbca95ce,6,2,33,2026-06-14 08:46:49,0x7a31b6d7cec1226f9cd184396a8df95168f051df64ae645e7b73ffc029f1433c,XAUt0,0.008556,36.02,2,2,,
33,HUMAN,0x230527653ca927d5221b652ec25289218e782b8c,6,3,34,2026-06-14 08:46:49,0x7a31b6d7cec1226f9cd184396a8df95168f051df64ae645e7b73ffc029f1433c,XAUt0,0.008556,36.02,2,2,,
34,CASSA,0x4f53c4277e2e738cdb71375253b3fe30bbca95ce,6,4,35,2026-06-14 09:51:04,0xc657b8f1f5e9fd20763771b8fb729f7e132c27361f1ae3bac4fbc824c01a7bce,USDC,40.0,40.0,2,1,,
35,HUMAN,0x8ae0e34e151598d496070d45024515e2ab213587,6,5,36,2026-06-14 09:51:04,0xc657b8f1f5e9fd20763771b8fb729f7e132c27361f1ae3bac4fbc824c01a7bce,USDC,40.0,40.0,2,1,,
36,CASSA,0x4f53c4277e2e738cdb71375253b3fe30bbca95ce,6,6,37,2026-06-14 09:51:04,0xc657b8f1f5e9fd20763771b8fb729f7e132c27361f1ae3bac4fbc824c01a7bce,USDC,40.0,40.0,2,2,,
37,HUMAN,0x8ae0e34e151598d496070d45024515e2ab213587,7,1,38,2026-06-14 09:51:04,0xc657b8f1f5e9fd20763771b8fb729f7e132c27361f1ae3bac4fbc824c01a7bce,USDC,40.0,40.0,2,2,,
38,CASSA,0x4f53c4277e2e738cdb71375253b3fe30bbca95ce,7,2,39,2026-06-14 10:09:27,0xdb92ce6070ab13463c24518baf152f59bd4554867142aed3acbf91cc16a0f708,USDC,20.0,20.0,1,1,,
39,HUMAN,0x0d224cf39761fc2d216f57f4d398b4eee07624bf,7,3,40,2026-06-14 10:09:27,0xdb92ce6070ab13463c24518baf152f59bd4554867142aed3acbf91cc16a0f708,USDC,20.0,20.0,1,1,,
40,RISERVATA,(Gemello #2 futuro),7,4,41,,,,,,,,,RISERVATO ticket 40: futuro faraone gemello-releasing (owner da confermare all'uscita da Venere)
41,CASSA,0x4f53c4277e2e738cdb71375253b3fe30bbca95ce,7,5,42,2026-06-14 10:16:43,0x9efd5151a754201e0a2327e6bc1325bc2b1bce9376005e6323c76786595b50a3,USDC,20.0,20.0,1,1,,
42,HUMAN,0xb20d1d6358d1ae9250c20916d635156ffc3f4e0c,7,6,43,2026-06-14 10:16:43,0x9efd5151a754201e0a2327e6bc1325bc2b1bce9376005e6323c76786595b50a3,USDC,20.0,20.0,1,1,,
43,CASSA,0x4f53c4277e2e738cdb71375253b3fe30bbca95ce,8,1,44,2026-06-14 10:16:57,0xd4fbfd42af931c9d9fed6baaaaaa9182829544bddeb49640fcbd3fe4416b35ad,USDC,20.0,20.0,1,1,,
44,HUMAN,0x2374d927a5a6963ff1dd9844f619cd85b544e93b,8,2,45,2026-06-14 10:16:57,0xd4fbfd42af931c9d9fed6baaaaaa9182829544bddeb49640fcbd3fe4416b35ad,USDC,20.0,20.0,1,1,,
45,CASSA,0x4f53c4277e2e738cdb71375253b3fe30bbca95ce,8,3,46,2026-06-14 10:21:37,0x667caf4e52299c0d619aebed55d69eb04742722dde36884d5ce20531a384d0fe,USDC,20.0,20.0,1,1,,
46,HUMAN,0x76c476f93a1cd46df61d7b1a57796a1dd1ad29c9,8,4,47,2026-06-14 10:21:37,0x667caf4e52299c0d619aebed55d69eb04742722dde36884d5ce20531a384d0fe,USDC,20.0,20.0,1,1,,
47,CASSA,0x4f53c4277e2e738cdb71375253b3fe30bbca95ce,8,5,48,2026-06-14 10:24:09,0x8a61786d9f13ff4915be74bf9f3b9f8f928bc58cc95d91fb43241897e19beec9,USDC,20.0,20.0,1,1,,
48,HUMAN,0x49a52bdf0b85b39d1779637141271519d4fcfaca,8,6,49,2026-06-14 10:24:09,0x8a61786d9f13ff4915be74bf9f3b9f8f928bc58cc95d91fb43241897e19beec9,USDC,20.0,20.0,1,1,,
49,CASSA,0x4f53c4277e2e738cdb71375253b3fe30bbca95ce,9,1,50,2026-06-14 11:28:30,0x5c350b0b08b5f2a24c95b6e2cc9222b448b0bc707543f93a58d8ffdc13bb150d,USDC,20.0,20.0,1,1,,
50,HUMAN,0xf13802ad194c9d50509a9fd076dd8d939bed30dd,9,2,51,2026-06-14 11:28:30,0x5c350b0b08b5f2a24c95b6e2cc9222b448b0bc707543f93a58d8ffdc13bb150d,USDC,20.0,20.0,1,1,,
51,CASSA,0x4f53c4277e2e738cdb71375253b3fe30bbca95ce,9,3,52,2026-06-14 12:00:09,0xf93ee0160d728a7d0738eb8799b24f4367896d325d24a1310cf9af0e3364d649,USDC,120.0,120.0,6,1,,
52,HUMAN,0xc2038b49500b52cdad3b59c736315de643b78ede,9,4,53,2026-06-14 12:00:09,0xf93ee0160d728a7d0738eb8799b24f4367896d325d24a1310cf9af0e3364d649,USDC,120.0,120.0,6,1,,
53,CASSA,0x4f53c4277e2e738cdb71375253b3fe30bbca95ce,9,5,54,2026-06-14 12:00:09,0xf93ee0160d728a7d0738eb8799b24f4367896d325d24a1310cf9af0e3364d649,USDC,120.0,120.0,6,2,,
54,RISERVATA,(Gemello #3 futuro),9,6,55,,,,,,,,,RISERVATO ticket 54: futuro faraone gemello-releasing (owner da confermare all'uscita da Venere)
55,HUMAN,0xc2038b49500b52cdad3b59c736315de643b78ede,10,1,56,2026-06-14 12:00:09,0xf93ee0160d728a7d0738eb8799b24f4367896d325d24a1310cf9af0e3364d649,USDC,120.0,120.0,6,2,,
56,CASSA,0x4f53c4277e2e738cdb71375253b3fe30bbca95ce,10,2,57,2026-06-14 12:00:09,0xf93ee0160d728a7d0738eb8799b24f4367896d325d24a1310cf9af0e3364d649,USDC,120.0,120.0,6,3,,
57,HUMAN,0xc2038b49500b52cdad3b59c736315de643b78ede,10,3,58,2026-06-14 12:00:09,0xf93ee0160d728a7d0738eb8799b24f4367896d325d24a1310cf9af0e3364d649,USDC,120.0,120.0,6,3,,
58,CASSA,0x4f53c4277e2e738cdb71375253b3fe30bbca95ce,10,4,59,2026-06-14 12:00:09,0xf93ee0160d728a7d0738eb8799b24f4367896d325d24a1310cf9af0e3364d649,USDC,120.0,120.0,6,4,,
59,HUMAN,0xc2038b49500b52cdad3b59c736315de643b78ede,10,5,60,2026-06-14 12:00:09,0xf93ee0160d728a7d0738eb8799b24f4367896d325d24a1310cf9af0e3364d649,USDC,120.0,120.0,6,4,,
60,CASSA,0x4f53c4277e2e738cdb71375253b3fe30bbca95ce,10,6,61,2026-06-14 12:00:09,0xf93ee0160d728a7d0738eb8799b24f4367896d325d24a1310cf9af0e3364d649,USDC,120.0,120.0,6,5,,
61,HUMAN,0xc2038b49500b52cdad3b59c736315de643b78ede,11,1,62,2026-06-14 12:00:09,0xf93ee0160d728a7d0738eb8799b24f4367896d325d24a1310cf9af0e3364d649,USDC,120.0,120.0,6,5,,
62,CASSA,0x4f53c4277e2e738cdb71375253b3fe30bbca95ce,11,2,63,2026-06-14 12:00:09,0xf93ee0160d728a7d0738eb8799b24f4367896d325d24a1310cf9af0e3364d649,USDC,120.0,120.0,6,6,,
63,HUMAN,0xc2038b49500b52cdad3b59c736315de643b78ede,11,3,64,2026-06-14 12:00:09,0xf93ee0160d728a7d0738eb8799b24f4367896d325d24a1310cf9af0e3364d649,USDC,120.0,120.0,6,6,,
64,CASSA,0x4f53c4277e2e738cdb71375253b3fe30bbca95ce,11,4,65,2026-06-14 12:40:25,0x07f3439f1f27bb8cee386cd9d069b417184ab624b8cc1dd56db142419e2282cc,USDC,80.0,80.0,4,1,,
65,HUMAN,0x889358bf9f59024bff7d7c22aa012d0129c9f6db,11,5,66,2026-06-14 12:40:25,0x07f3439f1f27bb8cee386cd9d069b417184ab624b8cc1dd56db142419e2282cc,USDC,80.0,80.0,4,1,,
66,CASSA,0x4f53c4277e2e738cdb71375253b3fe30bbca95ce,11,6,67,2026-06-14 12:40:25,0x07f3439f1f27bb8cee386cd9d069b417184ab624b8cc1dd56db142419e2282cc,USDC,80.0,80.0,4,2,,
67,HUMAN,0x889358bf9f59024bff7d7c22aa012d0129c9f6db,12,1,68,2026-06-14 12:40:25,0x07f3439f1f27bb8cee386cd9d069b417184ab624b8cc1dd56db142419e2282cc,USDC,80.0,80.0,4,2,,
68,RISERVATA,(Gemello #4 futuro),12,2,69,,,,,,,,,RISERVATO ticket 68: futuro faraone gemello-releasing (owner da confermare all'uscita da Venere)
69,CASSA,0x4f53c4277e2e738cdb71375253b3fe30bbca95ce,12,3,70,2026-06-14 12:42:43,0x0e66b2b7eed4702e8993b4e15ab1dbeae0735d075a2a5d1b0c686a2ed0a5f304,XAUt0,0.01,42.1,2,1,,
70,HUMAN,0xca9f6924b98fedd68712aa878aca723b31c81965,12,4,71,2026-06-14 12:42:43,0x0e66b2b7eed4702e8993b4e15ab1dbeae0735d075a2a5d1b0c686a2ed0a5f304,XAUt0,0.01,42.1,2,1,,
71,CASSA,0x4f53c4277e2e738cdb71375253b3fe30bbca95ce,12,5,72,2026-06-14 12:42:43,0x0e66b2b7eed4702e8993b4e15ab1dbeae0735d075a2a5d1b0c686a2ed0a5f304,XAUt0,0.01,42.1,2,2,,
72,HUMAN,0xca9f6924b98fedd68712aa878aca723b31c81965,12,6,73,2026-06-14 12:42:43,0x0e66b2b7eed4702e8993b4e15ab1dbeae0735d075a2a5d1b0c686a2ed0a5f304,XAUt0,0.01,42.1,2,2,,
73,CASSA,0x4f53c4277e2e738cdb71375253b3fe30bbca95ce,13,1,74,2026-06-14 12:40:25,0x07f3439f1f27bb8cee386cd9d069b417184ab624b8cc1dd56db142419e2282cc,USDC,80.0,80.0,4,3,,
74,HUMAN,0x889358bf9f59024bff7d7c22aa012d0129c9f6db,13,2,75,2026-06-14 12:40:25,0x07f3439f1f27bb8cee386cd9d069b417184ab624b8cc1dd56db142419e2282cc,USDC,80.0,80.0,4,3,,
75,CASSA,0x4f53c4277e2e738cdb71375253b3fe30bbca95ce,13,3,76,2026-06-14 12:40:25,0x07f3439f1f27bb8cee386cd9d069b417184ab624b8cc1dd56db142419e2282cc,USDC,80.0,80.0,4,4,,
76,HUMAN,0x889358bf9f59024bff7d7c22aa012d0129c9f6db,13,4,77,2026-06-14 12:40:25,0x07f3439f1f27bb8cee386cd9d069b417184ab624b8cc1dd56db142419e2282cc,USDC,80.0,80.0,4,4,,
77,CASSA,0x4f53c4277e2e738cdb71375253b3fe30bbca95ce,13,5,78,2026-06-14 13:07:48,0x420605c264462bc7fb050fd779cd0cbe00e435d142cb97d6790d3b914e11f3bc,XAUt0,0.01,42.1,2,1,,
78,HUMAN,0x9ca3bb287ffbc6138926eaac8828e976c3f77146,13,6,79,2026-06-14 13:07:48,0x420605c264462bc7fb050fd779cd0cbe00e435d142cb97d6790d3b914e11f3bc,XAUt0,0.01,42.1,2,1,,
79,CASSA,0x4f53c4277e2e738cdb71375253b3fe30bbca95ce,14,1,80,2026-06-14 13:07:48,0x420605c264462bc7fb050fd779cd0cbe00e435d142cb97d6790d3b914e11f3bc,XAUt0,0.01,42.1,2,2,,
80,HUMAN,0x9ca3bb287ffbc6138926eaac8828e976c3f77146,14,2,81,2026-06-14 13:07:48,0x420605c264462bc7fb050fd779cd0cbe00e435d142cb97d6790d3b914e11f3bc,XAUt0,0.01,42.1,2,2,,
81,CASSA,0x4f53c4277e2e738cdb71375253b3fe30bbca95ce,14,3,82,2026-06-14 13:23:06,0xc33f0a918780afdca43250a435b25fd0598f4c2ac0e4ce6f6c59362627526e67,USDC,40.0,40.0,2,1,,
82,RISERVATA,(Gemello #5 futuro),14,4,83,,,,,,,,,RISERVATO ticket 82: futuro faraone gemello-releasing (owner da confermare all'uscita da Venere)
83,HUMAN,0xf22a66b15e151fca5dedd753f5f8827f93f8b481,14,5,84,2026-06-14 13:23:06,0xc33f0a918780afdca43250a435b25fd0598f4c2ac0e4ce6f6c59362627526e67,USDC,40.0,40.0,2,1,,
84,CASSA,0x4f53c4277e2e738cdb71375253b3fe30bbca95ce,14,6,85,2026-06-14 13:23:06,0xc33f0a918780afdca43250a435b25fd0598f4c2ac0e4ce6f6c59362627526e67,USDC,40.0,40.0,2,2,,
85,HUMAN,0xf22a66b15e151fca5dedd753f5f8827f93f8b481,15,1,86,2026-06-14 13:23:06,0xc33f0a918780afdca43250a435b25fd0598f4c2ac0e4ce6f6c59362627526e67,USDC,40.0,40.0,2,2,,
86,CASSA,0x4f53c4277e2e738cdb71375253b3fe30bbca95ce,15,2,87,2026-06-14 13:32:16,0x57e11f716f9b48d9da5056dc953e7aaebb8623982f2867fec3e32b8828a5b366,USDC,40.0,40.0,2,1,,
87,HUMAN,0xe7adcec177220536263abebba5bb27777f8b5c2f,15,3,88,2026-06-14 13:32:16,0x57e11f716f9b48d9da5056dc953e7aaebb8623982f2867fec3e32b8828a5b366,USDC,40.0,40.0,2,1,,
88,CASSA,0x4f53c4277e2e738cdb71375253b3fe30bbca95ce,15,4,89,2026-06-14 13:32:16,0x57e11f716f9b48d9da5056dc953e7aaebb8623982f2867fec3e32b8828a5b366,USDC,40.0,40.0,2,2,,
89,HUMAN,0xe7adcec177220536263abebba5bb27777f8b5c2f,15,5,90,2026-06-14 13:32:16,0x57e11f716f9b48d9da5056dc953e7aaebb8623982f2867fec3e32b8828a5b366,USDC,40.0,40.0,2,2,,
90,CASSA,0x4f53c4277e2e738cdb71375253b3fe30bbca95ce,15,6,91,2026-06-14 13:46:15,0x15425009aa81b3155ab70d94239dfde5a7095a96f4ae3a0c18457b824b745b7c,USDC,40.0,40.0,2,1,,
91,HUMAN,0x1c43db0b0fde9178c7b65dfcf3d4d45019267be6,16,1,92,2026-06-14 13:46:15,0x15425009aa81b3155ab70d94239dfde5a7095a96f4ae3a0c18457b824b745b7c,USDC,40.0,40.0,2,1,,
92,CASSA,0x4f53c4277e2e738cdb71375253b3fe30bbca95ce,16,2,93,2026-06-14 13:46:15,0x15425009aa81b3155ab70d94239dfde5a7095a96f4ae3a0c18457b824b745b7c,USDC,40.0,40.0,2,2,,
93,HUMAN,0x1c43db0b0fde9178c7b65dfcf3d4d45019267be6,16,3,94,2026-06-14 13:46:15,0x15425009aa81b3155ab70d94239dfde5a7095a96f4ae3a0c18457b824b745b7c,USDC,40.0,40.0,2,2,,
94,CASSA,0x4f53c4277e2e738cdb71375253b3fe30bbca95ce,16,4,95,2026-06-14 14:12:06,0x7a77780aeb8a9a82a0aed34616edf51288715f890131b8e930d8b0321132db50,USDC,40.0,40.0,2,1,,
95,HUMAN,0x5ff5a8a9b9af8f5915217bea734677176985cab1,16,5,96,2026-06-14 14:12:06,0x7a77780aeb8a9a82a0aed34616edf51288715f890131b8e930d8b0321132db50,USDC,40.0,40.0,2,1,,
96,RISERVATA,(Gemello #6 futuro),16,6,97,,,,,,,,,RISERVATO ticket 96: futuro faraone gemello-releasing (owner da confermare all'uscita da Venere)
97,CASSA,0x4f53c4277e2e738cdb71375253b3fe30bbca95ce,17,1,98,2026-06-14 14:12:06,0x7a77780aeb8a9a82a0aed34616edf51288715f890131b8e930d8b0321132db50,USDC,40.0,40.0,2,2,,
98,HUMAN,0x5ff5a8a9b9af8f5915217bea734677176985cab1,17,2,99,2026-06-14 14:12:06,0x7a77780aeb8a9a82a0aed34616edf51288715f890131b8e930d8b0321132db50,USDC,40.0,40.0,2,2,,
99,CASSA,0x4f53c4277e2e738cdb71375253b3fe30bbca95ce,17,3,100,2026-06-14 14:58:33,0x33b9955c642077149b7a26027baa4e57f73e4b2cea2e01a31c0f3cb759b5b2a7,USDC,40.0,40.0,2,1,,
100,HUMAN,0x4f1b12c9d4182d55d23b87a2dd451ec0618eb17e,17,4,101,2026-06-14 14:58:33,0x33b9955c642077149b7a26027baa4e57f73e4b2cea2e01a31c0f3cb759b5b2a7,USDC,40.0,40.0,2,1,,
101,CASSA,0x4f53c4277e2e738cdb71375253b3fe30bbca95ce,17,5,102,2026-06-14 14:58:33,0x33b9955c642077149b7a26027baa4e57f73e4b2cea2e01a31c0f3cb759b5b2a7,USDC,40.0,40.0,2,2,,
102,HUMAN,0x4f1b12c9d4182d55d23b87a2dd451ec0618eb17e,17,6,103,2026-06-14 14:58:33,0x33b9955c642077149b7a26027baa4e57f73e4b2cea2e01a31c0f3cb759b5b2a7,USDC,40.0,40.0,2,2,,
103,CASSA,0x4f53c4277e2e738cdb71375253b3fe30bbca95ce,18,1,104,2026-06-14 15:06:58,0x2e4135dd74d69ea1153ffc5f4d8be1f836e9feb45910962f065297213ca7d4f9,USDC,40.0,40.0,2,1,,
104,HUMAN,0xf6476c2f1a62dc29fdf2844ff6bc09acefe40139,18,2,105,2026-06-14 15:06:58,0x2e4135dd74d69ea1153ffc5f4d8be1f836e9feb45910962f065297213ca7d4f9,USDC,40.0,40.0,2,1,,
105,CASSA,0x4f53c4277e2e738cdb71375253b3fe30bbca95ce,18,3,106,2026-06-14 15:06:58,0x2e4135dd74d69ea1153ffc5f4d8be1f836e9feb45910962f065297213ca7d4f9,USDC,40.0,40.0,2,2,,
106,HUMAN,0xf6476c2f1a62dc29fdf2844ff6bc09acefe40139,18,4,107,2026-06-14 15:06:58,0x2e4135dd74d69ea1153ffc5f4d8be1f836e9feb45910962f065297213ca7d4f9,USDC,40.0,40.0,2,2,,
107,CASSA,0x4f53c4277e2e738cdb71375253b3fe30bbca95ce,18,5,108,2026-06-14 15:29:49,0x2ef6541b644923d4165d77e84c79d4ee4518f5a3a267e92aeabb5fdb1dd21bca,USDC,20.0,20.0,1,1,,
108,HUMAN,0x0d224cf39761fc2d216f57f4d398b4eee07624bf,18,6,109,2026-06-14 15:29:49,0x2ef6541b644923d4165d77e84c79d4ee4518f5a3a267e92aeabb5fdb1dd21bca,USDC,20.0,20.0,1,1,,
109,CASSA,0x4f53c4277e2e738cdb71375253b3fe30bbca95ce,19,1,110,2026-06-14 15:32:28,0x4ccb13c885ba04110a635a077c067f3f980b49626f487a3f4076b8cbdb9ead16,USDC,20.0,20.0,1,1,,
110,RISERVATA,(Gemello #7 futuro),19,2,111,,,,,,,,,RISERVATO ticket 110: futuro faraone gemello-releasing (owner da confermare all'uscita da Venere)
111,HUMAN,0xcebc33b60727b477a3ad1f6925491de1f5762f71,19,3,112,2026-06-14 15:32:28,0x4ccb13c885ba04110a635a077c067f3f980b49626f487a3f4076b8cbdb9ead16,USDC,20.0,20.0,1,1,,
112,CASSA,0x4f53c4277e2e738cdb71375253b3fe30bbca95ce,19,4,113,2026-06-14 15:34:58,0x9b0b93cff23e8cf5b9a35e07bd92fd81af9a49f69c343dcd0860d1a9d42c3fc3,USDC,20.0,20.0,1,1,,
113,HUMAN,0x117e45f221bf6b4e7499c8b78ebe6ac19c34b152,19,5,114,2026-06-14 15:34:58,0x9b0b93cff23e8cf5b9a35e07bd92fd81af9a49f69c343dcd0860d1a9d42c3fc3,USDC,20.0,20.0,1,1,,
114,CASSA,0x4f53c4277e2e738cdb71375253b3fe30bbca95ce,19,6,115,2026-06-14 15:50:42,0x00510f52f2f1d1fb530d1c12230f68af4b0a87bf85c3593175dd1546044388fb,USDC,20.0,20.0,1,1,,
115,HUMAN,0xe1276a7dae80b30d265a1b6e41fc04777f4b8b92,20,1,116,2026-06-14 15:50:42,0x00510f52f2f1d1fb530d1c12230f68af4b0a87bf85c3593175dd1546044388fb,USDC,20.0,20.0,1,1,,
116,CASSA,0x4f53c4277e2e738cdb71375253b3fe30bbca95ce,20,2,117,2026-06-14 16:24:24,0xeb58826c4da144e105c2bf027d7768d46c55c079f0e1c4581d90b9a01e54645b,USDC,20.0,20.0,1,1,,
117,HUMAN,0x6b2784e35e83b0aa3d0b4b2efee2696f933a52f3,20,3,118,2026-06-14 16:24:24,0xeb58826c4da144e105c2bf027d7768d46c55c079f0e1c4581d90b9a01e54645b,USDC,20.0,20.0,1,1,,
118,CASSA,0x4f53c4277e2e738cdb71375253b3fe30bbca95ce,20,4,119,2026-06-14 16:27:49,0x27ca59993c6335dbe0a1fca45d844508873540cc1470d2284943c50bf9ebf31b,USDC,20.0,20.0,1,1,,
119,HUMAN,0xc4554541de8eef9046fc5ffbf19b396e5a569481,20,5,120,2026-06-14 16:27:49,0x27ca59993c6335dbe0a1fca45d844508873540cc1470d2284943c50bf9ebf31b,USDC,20.0,20.0,1,1,,
120,CASSA,0x4f53c4277e2e738cdb71375253b3fe30bbca95ce,20,6,121,2026-06-14 16:30:25,0x414a69933d1ad9fef6fc131934d1e2a0a5fdc6a45069718e4d14a134b0292b99,USDC,20.0,20.0,1,1,,
121,HUMAN,0x7441aaa19ddbb7e15a89e9280fa46a38a2655a32,21,1,122,2026-06-14 16:30:25,0x414a69933d1ad9fef6fc131934d1e2a0a5fdc6a45069718e4d14a134b0292b99,USDC,20.0,20.0,1,1,,
122,CASSA,0x4f53c4277e2e738cdb71375253b3fe30bbca95ce,21,2,123,2026-06-14 16:32:27,0x22297ed1d922078af064b56e5dafe58b168b224b09e89d62b11c90429ce1b898,USDC,20.0,20.0,1,1,,
123,HUMAN,0x94b5877890b42530d7837e8a02cecfa7d4a2e2e5,21,3,124,2026-06-14 16:32:27,0x22297ed1d922078af064b56e5dafe58b168b224b09e89d62b11c90429ce1b898,USDC,20.0,20.0,1,1,,
124,RISERVATA,(Gemello #8 futuro),21,4,125,,,,,,,,,RISERVATO ticket 124: futuro faraone gemello-releasing (owner da confermare all'uscita da Venere)
125,CASSA,0x4f53c4277e2e738cdb71375253b3fe30bbca95ce,21,5,126,2026-06-14 16:34:34,0x17fcff8723ff2fc7e59d40620075eb5793b437d50eb764469f49eef22278bf92,USDC,20.0,20.0,1,1,,
126,HUMAN,0xebd678dd0f1b3ff253826516c894d37748fdba89,21,6,127,2026-06-14 16:34:34,0x17fcff8723ff2fc7e59d40620075eb5793b437d50eb764469f49eef22278bf92,USDC,20.0,20.0,1,1,,
127,CASSA,0x4f53c4277e2e738cdb71375253b3fe30bbca95ce,22,1,128,2026-06-14 16:46:54,0xf2642d1783bf4001fba8d5f93a8651296b0b8c1a4de45f48acab76fb5a033e75,USDC,40.0,40.0,2,1,,
128,HUMAN,0xefd1feb4a9fe0c0b6f5cbf2b79497fc291bf0d33,22,2,129,2026-06-14 16:46:54,0xf2642d1783bf4001fba8d5f93a8651296b0b8c1a4de45f48acab76fb5a033e75,USDC,40.0,40.0,2,1,,
129,CASSA,0x4f53c4277e2e738cdb71375253b3fe30bbca95ce,22,3,130,2026-06-14 16:46:54,0xf2642d1783bf4001fba8d5f93a8651296b0b8c1a4de45f48acab76fb5a033e75,USDC,40.0,40.0,2,2,,
130,HUMAN,0xefd1feb4a9fe0c0b6f5cbf2b79497fc291bf0d33,22,4,131,2026-06-14 16:46:54,0xf2642d1783bf4001fba8d5f93a8651296b0b8c1a4de45f48acab76fb5a033e75,USDC,40.0,40.0,2,2,,
131,CASSA,0x4f53c4277e2e738cdb71375253b3fe30bbca95ce,22,5,132,2026-06-14 17:30:33,0xade10b99318d15dfdb9f9b61d90aeedae7562cf1e5d0332a0ad53f5346fe3275,USDC,20.0,20.0,1,1,,
132,HUMAN,0x030768a5f864bf50d4788482768a9607207a0d78,22,6,133,2026-06-14 17:30:33,0xade10b99318d15dfdb9f9b61d90aeedae7562cf1e5d0332a0ad53f5346fe3275,USDC,20.0,20.0,1,1,,
133,CASSA,0x4f53c4277e2e738cdb71375253b3fe30bbca95ce,23,1,134,2026-06-14 18:08:42,0x58689b96eb56797acd077d281434d2ac0ce004a53a953a44779ac4ce55201b4c,USDC,20.0,20.0,1,1,,
134,HUMAN,0x399a4d1dd19de63a8fc6718bb4c0b03df033a5c6,23,2,135,2026-06-14 18:08:42,0x58689b96eb56797acd077d281434d2ac0ce004a53a953a44779ac4ce55201b4c,USDC,20.0,20.0,1,1,,
135,CASSA,0x4f53c4277e2e738cdb71375253b3fe30bbca95ce,23,3,136,2026-06-14 20:01:15,0x4f11c79049f8e057b19b596aec648f9717e96ee0954400b8c724ff59e45ba729,USDC,20.0,20.0,1,1,,
136,HUMAN,0xcc8d757fbb69547c97a725ac68a6311c70a54297,23,4,137,2026-06-14 20:01:15,0x4f11c79049f8e057b19b596aec648f9717e96ee0954400b8c724ff59e45ba729,USDC,20.0,20.0,1,1,,
137,CASSA,0x4f53c4277e2e738cdb71375253b3fe30bbca95ce,23,5,138,2026-06-14 20:23:13,0x50e186bbc0b389d333d96fbed9b996abb31bb69bda38c17b7d246c54ab9780f4,USDC,20.0,20.0,1,1,,
138,RISERVATA,(Gemello #9 futuro),23,6,139,,,,,,,,,RISERVATO ticket 138: futuro faraone gemello-releasing (owner da confermare all'uscita da Venere)
139,HUMAN,0x99911ba907bb8c1633f3fa9b0507774e0cd587b9,24,1,140,2026-06-14 20:23:13,0x50e186bbc0b389d333d96fbed9b996abb31bb69bda38c17b7d246c54ab9780f4,USDC,20.0,20.0,1,1,,
140,CASSA,0x4f53c4277e2e738cdb71375253b3fe30bbca95ce,24,2,141,2026-06-14 21:07:57,0x0a88cdc96032391871ed11493dd857c15b98528ad969d6230c177c83138db1ba,USDC,20.0,20.0,1,1,,
141,HUMAN,0x0285a0b17824718330aa94457267400380e98c16,24,3,142,2026-06-14 21:07:57,0x0a88cdc96032391871ed11493dd857c15b98528ad969d6230c177c83138db1ba,USDC,20.0,20.0,1,1,,
142,CASSA,0x4f53c4277e2e738cdb71375253b3fe30bbca95ce,24,4,143,2026-06-14 21:16:18,0x123ad671f3f4c491c2fd159e8d0f7d328e5546fa1908a94a4ab186fcc988d1fb,USDC,20.0,20.0,1,1,,
143,HUMAN,0xca3e0e768ac90a0b48a01f7dcafc560c82b21b6c,24,5,144,2026-06-14 21:16:18,0x123ad671f3f4c491c2fd159e8d0f7d328e5546fa1908a94a4ab186fcc988d1fb,USDC,20.0,20.0,1,1,,
144,CASSA,0x4f53c4277e2e738cdb71375253b3fe30bbca95ce,24,6,145,2026-06-14 21:24:24,0xf0734e8eacceb25cda62d44988d7a7e0f82a53574bec93534b1ab7a2f81bb095,USDC,20.0,20.0,1,1,,
145,HUMAN,0x5d307d129f8f6482e8ace7be181b8a97c434e2d1,25,1,146,2026-06-14 21:24:24,0xf0734e8eacceb25cda62d44988d7a7e0f82a53574bec93534b1ab7a2f81bb095,USDC,20.0,20.0,1,1,,
146,CASSA,0x4f53c4277e2e738cdb71375253b3fe30bbca95ce,25,2,147,2026-06-14 21:55:57,0xd5438f83f082aae84f33122e3cdc849023b65df13b1fb21b3d008ea42eefd94a,USDC,20.0,20.0,1,1,,
147,HUMAN,0x4c7fedf4cc94264e8e166a3d10dd9ffab92bb7b5,25,3,148,2026-06-14 21:55:57,0xd5438f83f082aae84f33122e3cdc849023b65df13b1fb21b3d008ea42eefd94a,USDC,20.0,20.0,1,1,,
148,CASSA,0x4f53c4277e2e738cdb71375253b3fe30bbca95ce,25,4,149,2026-06-15 07:58:36,0x7ee0492af31183aca768a93b2dd323d4e5356f33ef134ad3a1b0e5c339c85c68,USDC,20.0,20.0,1,1,,
149,HUMAN,0x1407e65d195c11d4f4fe9a9e5d1fc78356702980,25,5,150,2026-06-15 07:58:36,0x7ee0492af31183aca768a93b2dd323d4e5356f33ef134ad3a1b0e5c339c85c68,USDC,20.0,20.0,1,1,,
150,CASSA,0x4f53c4277e2e738cdb71375253b3fe30bbca95ce,25,6,151,2026-06-15 08:13:24,0xa30695e2e06923e6ed9102ae492248fdadb18c4dcbfb39f8750419fbe92b81c4,USDC,20.0,20.0,1,1,,
151,HUMAN,0x1b02fe670bb13b371569e52b7a38138aea529559,26,1,152,2026-06-15 08:13:24,0xa30695e2e06923e6ed9102ae492248fdadb18c4dcbfb39f8750419fbe92b81c4,USDC,20.0,20.0,1,1,,
152,RISERVATA,(Gemello #10 futuro),26,2,153,,,,,,,,,RISERVATO ticket 152: futuro faraone gemello-releasing (owner da confermare all'uscita da Venere)
153,CASSA,0x4f53c4277e2e738cdb71375253b3fe30bbca95ce,26,3,154,2026-06-15 08:34:58,0xf66a37696dedf12e838bf1339a2f20ca75a15d81af52a6b88889cba8dadc7ee7,USDC,20.0,20.0,1,1,,
154,HUMAN,0xb02c29d6b4f3e523b6fc9a87c78c268555aedef7,26,4,155,2026-06-15 08:34:58,0xf66a37696dedf12e838bf1339a2f20ca75a15d81af52a6b88889cba8dadc7ee7,USDC,20.0,20.0,1,1,,
155,CASSA,0x4f53c4277e2e738cdb71375253b3fe30bbca95ce,26,5,156,2026-06-15 08:54:55,0x608c5c5ec36185f11210de2c9e10f30ba441b0fda5439c63c3d6fac38dda7edd,USDC,20.0,20.0,1,1,,
156,HUMAN,0xa13bffda5f410764a2d119f430e9e19b10ea8228,26,6,157,2026-06-15 08:54:55,0x608c5c5ec36185f11210de2c9e10f30ba441b0fda5439c63c3d6fac38dda7edd,USDC,20.0,20.0,1,1,,
157,CASSA,0x4f53c4277e2e738cdb71375253b3fe30bbca95ce,27,1,158,2026-06-15 09:21:42,0x16493ddba4c1b8e84932e19d08a7d67e21a19a5a1fa68af8064676f995bb606d,USDC,20.0,20.0,1,1,,
158,HUMAN,0xf064bdfb18d2cc52fc32496394514b95f5e5cf16,27,2,159,2026-06-15 09:21:42,0x16493ddba4c1b8e84932e19d08a7d67e21a19a5a1fa68af8064676f995bb606d,USDC,20.0,20.0,1,1,,
159,CASSA,0x4f53c4277e2e738cdb71375253b3fe30bbca95ce,27,3,160,2026-06-15 09:44:21,0x6c81517b675e7b35d5bf70795db48abfce6548df75c3e14bba00b973cc40da45,USDC,20.0,20.0,1,1,,
160,HUMAN,0x92419748b7dd196fd8be7da4d7e17dabc936884f,27,4,161,2026-06-15 09:44:21,0x6c81517b675e7b35d5bf70795db48abfce6548df75c3e14bba00b973cc40da45,USDC,20.0,20.0,1,1,,
161,CASSA,0x4f53c4277e2e738cdb71375253b3fe30bbca95ce,27,5,162,2026-06-15 10:50:46,0x31722dc7a38ddea6b52a2918bb3dd64ef3b7a8a73a3690c8d1593a2cf7a8f7cc,USDC,40.0,40.0,2,1,,
162,HUMAN,0x1d0a126dd25f1601e05012beaef75708ec5c62f9,27,6,163,2026-06-15 10:50:46,0x31722dc7a38ddea6b52a2918bb3dd64ef3b7a8a73a3690c8d1593a2cf7a8f7cc,USDC,40.0,40.0,2,1,,
163,CASSA,0x4f53c4277e2e738cdb71375253b3fe30bbca95ce,28,1,164,2026-06-15 10:50:46,0x31722dc7a38ddea6b52a2918bb3dd64ef3b7a8a73a3690c8d1593a2cf7a8f7cc,USDC,40.0,40.0,2,2,,
164,HUMAN,0x1d0a126dd25f1601e05012beaef75708ec5c62f9,28,2,165,2026-06-15 10:50:46,0x31722dc7a38ddea6b52a2918bb3dd64ef3b7a8a73a3690c8d1593a2cf7a8f7cc,USDC,40.0,40.0,2,2,,
165,CASSA,0x4f53c4277e2e738cdb71375253b3fe30bbca95ce,28,3,166,2026-06-15 13:10:43,0xdc21d2bb5a216e2168cff87a897a33675e036afd4a95f78e25c8c58cc5e0f2a2,USDC,20.0,20.0,1,1,,
166,RISERVATA,(Gemello #11 futuro),28,4,167,,,,,,,,,RISERVATO ticket 166: futuro faraone gemello-releasing (owner da confermare all'uscita da Venere)
167,HUMAN,0x7510fe25213e581d8f7d354702cbae34b0ae11d7,28,5,168,2026-06-15 13:10:43,0xdc21d2bb5a216e2168cff87a897a33675e036afd4a95f78e25c8c58cc5e0f2a2,USDC,20.0,20.0,1,1,,
168,CASSA,0x4f53c4277e2e738cdb71375253b3fe30bbca95ce,28,6,169,2026-06-15 13:35:19,0xe680e7e66b0ea301f9486c2b43adf5ff3f7a5a797735e97269ccca88468f5f9b,USDC,20.0,20.0,1,1,,
169,HUMAN,0x6bc9c37079a2e4f79c51556d8032455cf98d9dbb,29,1,170,2026-06-15 13:35:19,0xe680e7e66b0ea301f9486c2b43adf5ff3f7a5a797735e97269ccca88468f5f9b,USDC,20.0,20.0,1,1,,
170,CASSA,0x4f53c4277e2e738cdb71375253b3fe30bbca95ce,29,2,171,2026-06-15 13:59:36,0x8c41a5e08396ac0d51375c677f1d3b5a2906153e92eb9dadd0c4b21775fa7eee,USDC,20.0,20.0,1,1,,
171,HUMAN,0xaeda3f3f0176ec0b661ee6f6339163fccbae46ff,29,3,172,2026-06-15 13:59:36,0x8c41a5e08396ac0d51375c677f1d3b5a2906153e92eb9dadd0c4b21775fa7eee,USDC,20.0,20.0,1,1,,
172,CASSA,0x4f53c4277e2e738cdb71375253b3fe30bbca95ce,29,4,173,2026-06-15 14:04:46,0xce2c82ec133bcea5a6b23edd9e42af50c88ffde2527e609654bcf44cdfe65b41,USDC,20.0,20.0,1,1,,
173,HUMAN,0xbe17ce579328fcdb3213ba98957c95b4d9fce6a0,29,5,174,2026-06-15 14:04:46,0xce2c82ec133bcea5a6b23edd9e42af50c88ffde2527e609654bcf44cdfe65b41,USDC,20.0,20.0,1,1,,
174,CASSA,0x4f53c4277e2e738cdb71375253b3fe30bbca95ce,29,6,175,2026-06-15 14:09:55,0x152bc7f2f087dfe5125c2092c954a82e07cd8611b4bc70f259c16488196cdb98,USDC,20.0,20.0,1,1,,
175,HUMAN,0xae960318022ba5521eb6635cf906decd56704e52,30,1,176,2026-06-15 14:09:55,0x152bc7f2f087dfe5125c2092c954a82e07cd8611b4bc70f259c16488196cdb98,USDC,20.0,20.0,1,1,,
176,CASSA,0x4f53c4277e2e738cdb71375253b3fe30bbca95ce,30,2,177,2026-06-15 14:25:12,0x7eb4ce74182cb72049d4a835966f45c8e625863e960f0bc9052caae3d12da689,USDC,20.0,20.0,1,1,,
177,HUMAN,0x9b44723781e372bbc0e44bbb29a6c73e266c08f3,30,3,178,2026-06-15 14:25:12,0x7eb4ce74182cb72049d4a835966f45c8e625863e960f0bc9052caae3d12da689,USDC,20.0,20.0,1,1,,
178,CASSA,0x4f53c4277e2e738cdb71375253b3fe30bbca95ce,30,4,179,2026-06-15 15:43:22,0x872e58ef24bac3d32ea8ebf736b6340c000abe4b9b5b380c67def68ccff06182,USDC,40.0,40.0,2,1,,
179,HUMAN,0xfb7da0e014ed2b5d0bdf64df159861ae67743137,30,5,180,2026-06-15 15:43:22,0x872e58ef24bac3d32ea8ebf736b6340c000abe4b9b5b380c67def68ccff06182,USDC,40.0,40.0,2,1,,
180,RISERVATA,(Gemello #12 futuro),30,6,181,,,,,,,,,RISERVATO ticket 180: futuro faraone gemello-releasing (owner da confermare all'uscita da Venere)
181,CASSA,0x4f53c4277e2e738cdb71375253b3fe30bbca95ce,31,1,182,2026-06-15 15:43:22,0x872e58ef24bac3d32ea8ebf736b6340c000abe4b9b5b380c67def68ccff06182,USDC,40.0,40.0,2,2,,
182,HUMAN,0xfb7da0e014ed2b5d0bdf64df159861ae67743137,31,2,183,2026-06-15 15:43:22,0x872e58ef24bac3d32ea8ebf736b6340c000abe4b9b5b380c67def68ccff06182,USDC,40.0,40.0,2,2,,
183,CASSA,0x4f53c4277e2e738cdb71375253b3fe30bbca95ce,31,3,184,2026-06-15 15:46:55,0xc21331e948496d57f6118d047aeb057db3cd5641187aa7426694aa9b3d7d0c10,USDC,20.0,20.0,1,1,,
184,HUMAN,0xaf148f3ba3ce31b40c4ca682a35a0680e29bcebc,31,4,185,2026-06-15 15:46:55,0xc21331e948496d57f6118d047aeb057db3cd5641187aa7426694aa9b3d7d0c10,USDC,20.0,20.0,1,1,,
185,CASSA,0x4f53c4277e2e738cdb71375253b3fe30bbca95ce,31,5,186,2026-06-15 15:56:19,0x9ebe85f8d1db79a73afc0a4a7cbb860d28ec425380910e733e2dfc354485fbf1,USDC,20.0,20.0,1,1,,
186,HUMAN,0x5dc62fc9c12ac3d56fe0a53ab6875056abba192b,31,6,187,2026-06-15 15:56:19,0x9ebe85f8d1db79a73afc0a4a7cbb860d28ec425380910e733e2dfc354485fbf1,USDC,20.0,20.0,1,1,,
187,CASSA,0x4f53c4277e2e738cdb71375253b3fe30bbca95ce,32,1,188,2026-06-15 17:07:09,0xee32e633bb494b0a1d41a28f78ff0ed4c7df12da720aa74008f126dd078ffc8c,USDC,20.0,20.0,1,1,,
188,HUMAN,0xe67aa369ecde3712e6a0a5a28cbbd495d831a16e,32,2,189,2026-06-15 17:07:09,0xee32e633bb494b0a1d41a28f78ff0ed4c7df12da720aa74008f126dd078ffc8c,USDC,20.0,20.0,1,1,,
189,CASSA,0x4f53c4277e2e738cdb71375253b3fe30bbca95ce,32,3,190,2026-06-15 18:32:04,0x92758d78ea431caa6ec041d8e9c395d7ca26f8a72f2a9720cecfe7cae56a77f1,USDC,40.0,40.0,2,1,,
190,HUMAN,0x802a905a48bf06843cc344faadf38e332d02c335,32,4,191,2026-06-15 18:32:04,0x92758d78ea431caa6ec041d8e9c395d7ca26f8a72f2a9720cecfe7cae56a77f1,USDC,40.0,40.0,2,1,,
191,CASSA,0x4f53c4277e2e738cdb71375253b3fe30bbca95ce,32,5,192,2026-06-15 18:32:04,0x92758d78ea431caa6ec041d8e9c395d7ca26f8a72f2a9720cecfe7cae56a77f1,USDC,40.0,40.0,2,2,,
192,HUMAN,0x802a905a48bf06843cc344faadf38e332d02c335,32,6,193,2026-06-15 18:32:04,0x92758d78ea431caa6ec041d8e9c395d7ca26f8a72f2a9720cecfe7cae56a77f1,USDC,40.0,40.0,2,2,,
193,CASSA,0x4f53c4277e2e738cdb71375253b3fe30bbca95ce,33,1,194,2026-06-17 20:26:07,0x25f75eb9142b9a47b3a94dac800c61cfe320dd9e813890467afbe9613251c959,USDC,20.0,20.0,1,1,,
194,RISERVATA,(Gemello #13 futuro),33,2,195,,,,,,,,,RISERVATO ticket 194: futuro faraone gemello-releasing (owner da confermare all'uscita da Venere)
195,HUMAN,0x3a0fde8d24c3c2b9448503a60d036e66417b2757,33,3,196,2026-06-17 20:26:07,0x25f75eb9142b9a47b3a94dac800c61cfe320dd9e813890467afbe9613251c959,USDC,20.0,20.0,1,1,,
196,CASSA,0x4f53c4277e2e738cdb71375253b3fe30bbca95ce,33,4,197,2026-06-17 20:46:53,0x18c052957b8574c22b5f8a77a0f70db68e0958ffdd5178ce0d8078ff42dd72ec,USDC,20.0,20.0,1,1,,
197,HUMAN,0x589a44c24d413208f15e20e948ed4802bf894ca4,33,5,198,2026-06-17 20:46:53,0x18c052957b8574c22b5f8a77a0f70db68e0958ffdd5178ce0d8078ff42dd72ec,USDC,20.0,20.0,1,1,,
198,CASSA,0x4f53c4277e2e738cdb71375253b3fe30bbca95ce,33,6,199,2026-06-18 18:13:56,0xbd74f7d34d35cfcb98760cc90873946b4f58629285e777f62a874e5eb9c48345,USDC,20.0,20.0,1,1,,
199,HUMAN,0xf4e9e81ecfd30f3ba26b2ff18ae97f1df55fbc84,34,1,200,2026-06-18 18:13:56,0xbd74f7d34d35cfcb98760cc90873946b4f58629285e777f62a874e5eb9c48345,USDC,20.0,20.0,1,1,,
200,CASSA,0x4f53c4277e2e738cdb71375253b3fe30bbca95ce,34,2,201,2026-06-18 20:15:46,0x4bbca5ad4a8037a48dc6772c6bba2ecd2049995cedd9fee2bc127f50cad715d4,USDC,60.0,60.0,3,1,,
201,HUMAN,0xeeeb648756cb94a6df93ea329bd40c79420e2811,34,3,202,2026-06-18 20:15:46,0x4bbca5ad4a8037a48dc6772c6bba2ecd2049995cedd9fee2bc127f50cad715d4,USDC,60.0,60.0,3,1,,
202,CASSA,0x4f53c4277e2e738cdb71375253b3fe30bbca95ce,34,4,203,2026-06-18 20:15:46,0x4bbca5ad4a8037a48dc6772c6bba2ecd2049995cedd9fee2bc127f50cad715d4,USDC,60.0,60.0,3,2,,
203,HUMAN,0xeeeb648756cb94a6df93ea329bd40c79420e2811,34,5,204,2026-06-18 20:15:46,0x4bbca5ad4a8037a48dc6772c6bba2ecd2049995cedd9fee2bc127f50cad715d4,USDC,60.0,60.0,3,2,,
204,CASSA,0x4f53c4277e2e738cdb71375253b3fe30bbca95ce,34,6,205,2026-06-18 20:15:46,0x4bbca5ad4a8037a48dc6772c6bba2ecd2049995cedd9fee2bc127f50cad715d4,USDC,60.0,60.0,3,3,,
205,HUMAN,0xeeeb648756cb94a6df93ea329bd40c79420e2811,35,1,206,2026-06-18 20:15:46,0x4bbca5ad4a8037a48dc6772c6bba2ecd2049995cedd9fee2bc127f50cad715d4,USDC,60.0,60.0,3,3,,
206,CASSA,0x4f53c4277e2e738cdb71375253b3fe30bbca95ce,35,2,207,2026-06-19 05:47:13,0xd41d0898e653eca7f8a963391adaeb6d9faaa8e4ab4c1f23b5913bafae6464b2,USDC,60.0,60.0,3,1,,
207,HUMAN,0x5ff5a8a9b9af8f5915217bea734677176985cab1,35,3,208,2026-06-19 05:47:13,0xd41d0898e653eca7f8a963391adaeb6d9faaa8e4ab4c1f23b5913bafae6464b2,USDC,60.0,60.0,3,1,,
208,RISERVATA,(Gemello #14 futuro),35,4,209,,,,,,,,,RISERVATO ticket 208: futuro faraone gemello-releasing (owner da confermare all'uscita da Venere)
209,CASSA,0x4f53c4277e2e738cdb71375253b3fe30bbca95ce,35,5,210,2026-06-19 05:47:13,0xd41d0898e653eca7f8a963391adaeb6d9faaa8e4ab4c1f23b5913bafae6464b2,USDC,60.0,60.0,3,2,,
210,HUMAN,0x5ff5a8a9b9af8f5915217bea734677176985cab1,35,6,211,2026-06-19 05:47:13,0xd41d0898e653eca7f8a963391adaeb6d9faaa8e4ab4c1f23b5913bafae6464b2,USDC,60.0,60.0,3,2,,
211,CASSA,0x4f53c4277e2e738cdb71375253b3fe30bbca95ce,36,1,212,2026-06-19 05:47:13,0xd41d0898e653eca7f8a963391adaeb6d9faaa8e4ab4c1f23b5913bafae6464b2,USDC,60.0,60.0,3,3,,
212,HUMAN,0x5ff5a8a9b9af8f5915217bea734677176985cab1,36,2,213,2026-06-19 05:47:13,0xd41d0898e653eca7f8a963391adaeb6d9faaa8e4ab4c1f23b5913bafae6464b2,USDC,60.0,60.0,3,3,,
213,CASSA,0x4f53c4277e2e738cdb71375253b3fe30bbca95ce,36,3,214,2026-06-19 05:55:26,0x405ec10ec85764c8f97778975913917fdbfac4582d0bd05627c444924de6f5d3,USDC,20.0,20.0,1,1,,
214,HUMAN,0xf13802ad194c9d50509a9fd076dd8d939bed30dd,36,4,215,2026-06-19 05:55:26,0x405ec10ec85764c8f97778975913917fdbfac4582d0bd05627c444924de6f5d3,USDC,20.0,20.0,1,1,,
215,CASSA,0x4f53c4277e2e738cdb71375253b3fe30bbca95ce,36,5,216,2026-06-26 18:32:28,0x13cb5ffc164ff3e790c81c603f1372e3a8ddd0f29a2e7893c71efec25a0cd0d7,USDC,20.0,20.0,1,1,,
216,HUMAN,0xad5f83d360cb565cf62f4ab4eabb9b3f197cc99b,36,6,217,2026-06-26 18:32:28,0x13cb5ffc164ff3e790c81c603f1372e3a8ddd0f29a2e7893c71efec25a0cd0d7,USDC,20.0,20.0,1,1,,
217,CASSA,0x4f53c4277e2e738cdb71375253b3fe30bbca95ce,37,1,218,2026-06-27 07:11:23,0x94e92a4a9897ade95a0981087852d1fc04d380b745692edfacb8715550d89b38,USDC,20.0,20.0,1,1,,
218,HUMAN,0xc7569ca884e04fdbaaab45af5d401eeda0bddfb5,37,2,219,2026-06-27 07:11:23,0x94e92a4a9897ade95a0981087852d1fc04d380b745692edfacb8715550d89b38,USDC,20.0,20.0,1,1,,
219,CASSA,0x4f53c4277e2e738cdb71375253b3fe30bbca95ce,37,3,220,2026-06-30 17:59:41,0x7b7dc24514d6141515d735b37b096dcb5f3d5b92f3c9af1534b14feeb890cc39,USDC,20.0,20.0,1,1,,
220,HUMAN,0x09d11d0eae9fcada36cf42e71d841e773ced5d7b,37,4,221,2026-06-30 17:59:41,0x7b7dc24514d6141515d735b37b096dcb5f3d5b92f3c9af1534b14feeb890cc39,USDC,20.0,20.0,1,1,,
221,CASSA,0x4f53c4277e2e738cdb71375253b3fe30bbca95ce,37,5,222,2026-07-01 07:07:26,0x2e71ea3cd8efe3f249752ecf1c614842c691c965022c6385a7e18f9aa90ae5ae,USDC,20.0,20.0,1,1,,
222,RISERVATA,(Gemello #15 futuro),37,6,223,,,,,,,,,RISERVATO ticket 222: futuro faraone gemello-releasing (owner da confermare all'uscita da Venere)
223,HUMAN,0x92b0a22662c80482579f700afd32cdbb0f7f8c79,38,1,224,2026-07-01 07:07:26,0x2e71ea3cd8efe3f249752ecf1c614842c691c965022c6385a7e18f9aa90ae5ae,USDC,20.0,20.0,1,1,,
224,CASSA,0x4f53c4277e2e738cdb71375253b3fe30bbca95ce,38,2,225,2026-07-01 09:28:04,0xeb2e4271ea7f5a1b597c4da0a318bad697881d2d9f06d556d332b665ba1073a3,USDC,40.0,40.0,2,1,,
225,HUMAN,0x71b8c073259d89fdc182bd5f5513dda0bef4c4b6,38,3,226,2026-07-01 09:28:04,0xeb2e4271ea7f5a1b597c4da0a318bad697881d2d9f06d556d332b665ba1073a3,USDC,40.0,40.0,2,1,,
226,CASSA,0x4f53c4277e2e738cdb71375253b3fe30bbca95ce,38,4,227,2026-07-01 09:28:04,0xeb2e4271ea7f5a1b597c4da0a318bad697881d2d9f06d556d332b665ba1073a3,USDC,40.0,40.0,2,2,,
227,HUMAN,0x71b8c073259d89fdc182bd5f5513dda0bef4c4b6,38,5,228,2026-07-01 09:28:04,0xeb2e4271ea7f5a1b597c4da0a318bad697881d2d9f06d556d332b665ba1073a3,USDC,40.0,40.0,2,2,,
228,CASSA,0x4f53c4277e2e738cdb71375253b3fe30bbca95ce,38,6,229,2026-07-01 10:07:28,0x8096bc397b75f3efbf01af8114546205c7585658a620975b4e5784fb0e930f99,USDC,20.0,20.0,1,1,,
229,HUMAN,0x56f5c6ec5ffd9c69059b10b92ade45f5f6f1e304,39,1,230,2026-07-01 10:07:28,0x8096bc397b75f3efbf01af8114546205c7585658a620975b4e5784fb0e930f99,USDC,20.0,20.0,1,1,,
230,CASSA,0x4f53c4277e2e738cdb71375253b3fe30bbca95ce,39,2,231,2026-07-01 10:11:23,0x7933f8a5756b98e025607af1307714d8971c15214f7974d02aa7e9dcae952329,USDC,20.0,20.0,1,1,,
231,HUMAN,0x290a9c48ab72192aeaae4a381d974c81092734c6,39,3,232,2026-07-01 10:11:23,0x7933f8a5756b98e025607af1307714d8971c15214f7974d02aa7e9dcae952329,USDC,20.0,20.0,1,1,,
232,CASSA,0x4f53c4277e2e738cdb71375253b3fe30bbca95ce,39,4,233,2026-07-01 10:14:49,0x67985178c312197e23828c6cd47ed37fe051b8405f87707bdff364aecce091ec,USDC,20.0,20.0,1,1,,
233,HUMAN,0xf876af4de3431727caa50360915bcbc8797bf4a4,39,5,234,2026-07-01 10:14:49,0x67985178c312197e23828c6cd47ed37fe051b8405f87707bdff364aecce091ec,USDC,20.0,20.0,1,1,,
234,CASSA,0x4f53c4277e2e738cdb71375253b3fe30bbca95ce,39,6,235,2026-07-01 10:25:11,0x34de0200bce0dfc2427e1040b4f60025c378ac86a619d4a4c352e8ce39901cd3,USDC,20.0,20.0,1,1,,
235,HUMAN,0x2a9708c7f68cb1e46f71d7cf5394693b1f84f765,40,1,236,2026-07-01 10:25:11,0x34de0200bce0dfc2427e1040b4f60025c378ac86a619d4a4c352e8ce39901cd3,USDC,20.0,20.0,1,1,,
236,RISERVATA,(Gemello #16 futuro),40,2,237,,,,,,,,,RISERVATO ticket 236: futuro faraone gemello-releasing (owner da confermare all'uscita da Venere)
237,CASSA,0x4f53c4277e2e738cdb71375253b3fe30bbca95ce,40,3,238,2026-07-01 12:11:41,0x12ed53f04548a1e16dded65c9538f5c9c2fa945bcc27307e9673c46dce5409a3,USDC,20.0,20.0,1,1,,
238,HUMAN,0x0d224cf39761fc2d216f57f4d398b4eee07624bf,40,4,239,2026-07-01 12:11:41,0x12ed53f04548a1e16dded65c9538f5c9c2fa945bcc27307e9673c46dce5409a3,USDC,20.0,20.0,1,1,,
239,CASSA,0x4f53c4277e2e738cdb71375253b3fe30bbca95ce,40,5,240,2026-07-01 12:22:56,0xea6564d5902d74d63e144efc95165ea6055dacf5278a1a893bc7377298541437,USDC,20.0,20.0,1,1,,
240,HUMAN,0xf7941678b468e39fc4ea549c5224fa238f0bb3ee,40,6,241,2026-07-01 12:22:56,0xea6564d5902d74d63e144efc95165ea6055dacf5278a1a893bc7377298541437,USDC,20.0,20.0,1,1,,
241,CASSA,0x4f53c4277e2e738cdb71375253b3fe30bbca95ce,41,1,242,2026-07-01 12:44:29,0xcbca42f83e3cc6302f2fb05c4172821007b5fbfb2021536fa414a4b1c8d42851,USDC,40.0,40.0,2,1,,
242,HUMAN,0xb41916c2eb6fc873e506fb4eadb96791bd24c11f,41,2,243,2026-07-01 12:44:29,0xcbca42f83e3cc6302f2fb05c4172821007b5fbfb2021536fa414a4b1c8d42851,USDC,40.0,40.0,2,1,,
243,CASSA,0x4f53c4277e2e738cdb71375253b3fe30bbca95ce,41,3,244,2026-07-01 12:44:29,0xcbca42f83e3cc6302f2fb05c4172821007b5fbfb2021536fa414a4b1c8d42851,USDC,40.0,40.0,2,2,,
244,HUMAN,0xb41916c2eb6fc873e506fb4eadb96791bd24c11f,41,4,245,2026-07-01 12:44:29,0xcbca42f83e3cc6302f2fb05c4172821007b5fbfb2021536fa414a4b1c8d42851,USDC,40.0,40.0,2,2,,
245,CASSA,0x4f53c4277e2e738cdb71375253b3fe30bbca95ce,41,5,246,2026-07-01 13:51:17,0x6a317ce42a93de5dc755f775d133a38959b9eb39ea0c8d2053b770f1ca6175b4,USDC,20.0,20.0,1,1,,
246,HUMAN,0xf090c24e9051a80e1b0da9e5e3a24e9c809c1226,41,6,247,2026-07-01 13:51:17,0x6a317ce42a93de5dc755f775d133a38959b9eb39ea0c8d2053b770f1ca6175b4,USDC,20.0,20.0,1,1,,
247,CASSA,0x4f53c4277e2e738cdb71375253b3fe30bbca95ce,42,1,248,2026-07-01 14:01:34,0x6d5f590fef521a23673a8ccdb1c2c9216e52e52949b95d0c21214c8c40f864aa,USDC,20.0,20.0,1,1,,
248,HUMAN,0x9ab5ed76a8c59e8825de2f29210048883e5dcbce,42,2,249,2026-07-01 14:01:34,0x6d5f590fef521a23673a8ccdb1c2c9216e52e52949b95d0c21214c8c40f864aa,USDC,20.0,20.0,1,1,,
